time,lr,fb,ud,yaw,cx,cy,area
1.161,0,0,30,-30,0,0,0
1.354,0,0,30,-30,0,0,0
1.379,0,0,30,-30,0,0,0
1.402,0,0,30,-30,0,0,0
1.424,0,0,30,-30,0,0,0
1.447,0,-15,-30,30,410,359,44100
1.469,0,-15,-30,18,405,361,39601
1.492,0,0,30,-30,0,0,0
1.52,0,-15,-30,30,409,359,41209
1.551,0,-15,-30,28,407,361,42436
1.583,0,0,30,-30,0,0,0
1.615,0,0,30,-30,0,0,0
1.647,0,0,30,-30,0,0,0
1.677,0,0,30,-30,0,0,0
1.711,0,0,30,-30,0,0,0
1.743,0,0,30,-30,0,0,0
1.779,0,0,30,-30,0,0,0
1.807,0,0,30,-30,0,0,0
1.837,0,0,30,-30,0,0,0
1.886,0,-15,-30,30,407,361,36100
1.918,0,0,30,-30,0,0,0
1.95,0,-15,-30,30,407,362,36100
1.982,0,-15,-30,30,409,361,34969
2.014,0,-15,-30,30,410,360,33856
2.047,0,0,30,-30,0,0,0
2.082,0,0,30,-30,0,0,0
2.113,0,-15,-30,30,409,361,31684
2.145,0,-15,-30,30,409,361,33489
2.176,0,-15,-30,30,409,361,33489
2.209,0,-15,-30,30,409,361,33489
2.24,0,-15,-30,30,409,361,33489
2.287,0,-15,-30,28,407,362,33489
2.321,0,-15,-30,30,409,359,36100
2.352,0,0,30,-30,0,0,0
2.382,0,-15,-30,30,413,362,33856
2.416,0,-15,-30,13,406,360,39601
2.446,0,0,30,-30,0,0,0
2.479,0,-15,-30,30,412,359,43264
2.511,0,0,30,-30,0,0,0
2.543,0,-15,-30,30,411,358,36100
2.574,0,-15,-30,30,415,357,40000
2.605,0,-15,-30,30,418,357,37636
2.639,0,-15,-30,30,421,359,40804
2.687,0,-15,-30,30,419,356,40804
2.718,0,0,30,-30,0,0,0
2.752,0,-15,-30,30,417,355,37249
2.782,0,0,30,-30,0,0,0
2.814,0,-15,-30,30,415,357,36100
2.846,0,-15,-30,30,416,357,38416
2.878,0,-15,-30,30,415,357,37249
2.911,0,-15,-30,30,415,357,36100
2.942,0,-15,-30,24,411,356,33489
2.975,0,-15,-30,30,413,361,37249
3.007,0,0,30,-30,0,0,0
3.038,0,0,30,-30,0,0,0
3.087,0,-15,-30,30,419,359,38416
3.119,0,0,30,-30,0,0,0
3.149,0,0,30,-30,0,0,0
3.182,0,0,30,-30,0,0,0
3.214,0,-15,-30,30,416,356,40000
3.246,0,-15,-30,30,417,357,43264
3.279,0,-15,-30,30,417,356,38416
3.312,0,-15,-30,30,416,357,43264
3.344,0,-15,-30,30,416,356,40804
3.375,0,0,30,-30,0,0,0
3.406,0,0,30,-30,0,0,0
3.453,0,0,30,-30,0,0,0
3.485,0,0,30,-30,0,0,0
3.518,0,0,30,-30,0,0,0
3.549,0,0,30,-30,0,0,0
3.582,0,0,30,-30,0,0,0
3.614,0,-15,-30,30,409,357,40000
3.645,0,-15,-30,30,412,359,41616
3.677,0,-15,-30,30,412,359,40804
3.71,0,-15,-30,30,411,360,40804
3.743,0,-15,-30,15,405,359,37249
3.773,0,-15,-30,30,405,359,37249
3.806,0,0,30,-30,0,0,0
3.854,0,-15,-30,30,404,358,36100
3.886,0,0,30,-30,0,0,0
3.919,0,-15,-30,30,404,358,36100
3.951,0,0,30,-30,0,0,0
3.981,0,0,30,-30,0,0,0
4.014,0,-15,-30,30,409,360,46225
4.046,0,0,30,-30,0,0,0
4.077,0,0,30,-30,0,0,0
4.11,0,0,30,-30,0,0,0
4.143,0,0,30,-30,0,0,0
4.174,0,-15,-30,30,409,361,39601
4.205,0,-15,-30,30,408,361,39601
4.254,0,-15,-30,30,411,358,37636
4.286,0,-15,-30,30,411,357,35344
4.319,0,-15,-30,30,410,358,36100
4.351,0,0,30,-30,0,0,0
4.384,0,0,30,-30,0,0,0
4.413,0,0,30,-30,0,0,0
4.447,0,0,30,-30,0,0,0
4.478,0,0,30,-30,0,0,0
4.511,0,0,30,-30,0,0,0
4.542,0,0,30,-30,0,0,0
4.576,0,0,30,-30,0,0,0
4.606,0,0,30,-30,0,0,0
4.654,0,0,30,-30,0,0,0
4.685,0,0,30,-30,0,0,0
4.718,0,0,30,-30,0,0,0
4.749,0,0,30,-30,0,0,0
4.781,0,0,30,-30,0,0,0
4.814,0,0,30,-30,0,0,0
4.846,0,0,30,-30,0,0,0
4.877,0,0,30,-30,0,0,0
6.086,0,-15,-30,30,409,364,39601
6.108,0,-15,-30,30,409,364,39204
6.132,0,-15,-30,30,409,365,38416
6.159,0,-15,-30,30,409,364,39601
6.183,0,-15,-30,30,409,364,39601
6.209,0,-15,-30,30,411,362,38416
6.231,0,-15,-30,30,410,363,39204
6.258,0,-15,-30,30,409,365,38416
6.286,0,-15,-30,30,408,362,38416
6.319,0,0,30,-30,0,0,0
6.352,0,0,30,-30,0,0,0
6.382,0,0,30,-30,0,0,0
6.415,0,-15,-30,30,402,359,35344
6.447,0,-15,-30,8,395,359,34969
6.479,0,-15,-30,26,394,358,36864
6.51,0,-15,-30,22,392,356,42025
6.542,0,0,30,-30,0,0,0
6.574,0,0,30,-30,0,0,0
6.621,0,0,30,-30,0,0,0
6.654,0,-15,-30,30,388,354,40804
6.686,0,0,30,-30,0,0,0
6.718,0,0,30,-30,0,0,0
6.751,0,0,30,-30,0,0,0
6.782,0,0,30,-30,0,0,0
6.814,0,0,30,-30,0,0,0
6.849,0,0,30,-30,0,0,0
6.878,0,-15,-30,30,384,355,35344
6.911,0,-15,-30,30,388,356,35344
6.943,0,0,30,-30,0,0,0
6.975,0,0,30,-30,0,0,0
7.024,0,0,30,-30,0,0,0
7.055,0,-15,-30,30,387,355,36100
7.086,0,0,30,-30,0,0,0
7.119,0,-15,-30,30,388,355,36100
7.15,0,-15,-30,16,385,359,38416
7.182,0,-15,-30,30,387,361,36864
7.215,0,-15,-30,26,387,361,35344
7.249,0,0,30,-30,0,0,0
7.28,0,-15,-30,30,388,357,34969
7.311,0,-15,-30,30,391,356,36864
7.344,0,-15,-30,21,389,355,37249
7.392,0,-15,-30,30,395,356,38416
7.425,0,-15,-30,19,392,355,38416
7.457,0,-15,-30,25,391,358,36864
7.488,0,0,30,-30,0,0,0
7.52,0,0,30,-30,0,0,0
7.551,0,0,30,-30,0,0,0
7.584,0,0,30,-30,0,0,0
7.617,0,0,30,-30,0,0,0
7.648,0,0,30,-30,0,0,0
7.681,0,0,30,-30,0,0,0
7.731,0,0,30,-30,0,0,0
7.754,0,0,30,-30,0,0,0
7.792,0,0,30,-30,0,0,0
7.826,0,-15,-30,30,392,357,38416
7.856,0,-15,-30,30,394,356,39204
7.889,0,-15,-30,26,393,357,40000
7.92,0,-15,-30,30,395,358,40000
7.952,0,0,30,-30,0,0,0
7.984,0,0,30,-30,0,0,0
8.016,0,0,30,-30,0,0,0
8.048,0,0,30,-30,0,0,0
8.079,0,0,30,-30,0,0,0
8.112,0,-15,-30,30,402,359,36481
8.144,0,0,30,-30,0,0,0
8.19,0,0,30,-30,0,0,0
8.223,0,-15,-30,30,407,358,37249
8.26,0,-15,-30,30,411,358,40000
8.288,0,-15,-30,30,411,358,40000
8.323,0,-15,-30,30,414,356,36481
8.352,0,-15,-30,30,416,359,39204
8.383,0,-15,-30,30,414,361,38416
8.417,0,-15,-30,30,417,358,41209
8.447,0,-15,-30,30,418,357,39601
8.478,0,0,30,-30,0,0,0
8.51,0,-15,-30,30,419,357,38416
8.544,0,0,30,-30,0,0,0
8.59,0,0,30,-30,0,0,0
8.622,0,0,30,-30,0,0,0
8.655,0,0,30,-30,0,0,0
8.686,0,0,30,-30,0,0,0
8.719,0,0,30,-30,0,0,0
8.751,0,0,30,-30,0,0,0
8.783,0,0,30,-30,0,0,0
8.814,0,0,30,-30,0,0,0
8.848,0,0,30,-30,0,0,0
8.878,0,0,30,-30,0,0,0
8.911,0,0,30,-30,0,0,0
8.942,0,0,30,-30,0,0,0
8.99,0,0,30,-30,0,0,0
9.024,0,0,30,-30,0,0,0
9.057,0,0,30,-30,0,0,0
9.088,0,0,30,-30,0,0,0
9.121,0,0,30,-30,0,0,0
9.149,0,0,30,-30,0,0,0
9.183,0,-15,-30,30,417,363,40804
9.216,0,0,30,-30,0,0,0
9.246,0,-15,-30,30,419,363,44944
9.28,0,-15,-30,30,420,364,44944
9.31,0,-15,-30,26,416,364,46225
9.36,0,-15,-30,30,415,364,46225
9.392,0,-15,-30,30,413,367,41616
9.425,0,-15,-30,30,416,366,40804
9.457,0,-15,-30,24,412,366,40000
9.488,0,-15,-30,29,410,365,40401
9.519,0,-15,-30,30,410,364,42849
9.55,0,-15,-30,30,412,363,41209
9.584,0,-15,-30,30,412,363,41616
9.615,0,-15,-30,30,413,363,41616
9.649,0,-15,-30,30,412,362,39601
9.68,0,-15,-30,30,413,359,41209
9.713,0,-15,-30,30,412,363,42436
9.76,0,-15,-30,30,411,360,43264
9.791,0,-15,-30,19,406,360,41616
9.823,0,-15,-30,30,407,358,43681
9.857,0,-15,-30,30,408,361,44521
9.887,0,-15,-30,28,406,358,44100
9.921,0,-15,-30,30,406,358,44100
9.952,0,-15,-30,24,403,358,44100
9.983,0,-15,-30,30,404,358,44100
10.017,0,-15,-30,30,403,358,43264
10.048,0,-15,-30,30,405,358,42025
10.081,0,-15,-30,30,405,358,46225
10.112,0,-15,-30,30,406,359,41616
10.161,0,-15,-30,30,408,361,40401
10.191,0,-15,-30,28,406,360,41616
10.224,0,-15,-30,30,409,364,44100
10.257,0,-15,-30,30,410,361,42849
10.289,0,-15,-30,30,409,361,40804
10.322,0,-15,-30,30,410,361,43264
10.353,0,-15,-30,30,411,360,44100
10.386,0,-15,-30,30,410,360,42849
10.418,0,-15,-30,30,410,360,42849
10.45,0,-15,-30,30,410,361,42436
10.481,0,-15,-30,30,414,364,39204
10.514,0,-15,-30,30,412,362,38809
10.561,0,-15,-30,30,413,363,38416
10.624,0,-15,-30,30,414,363,36864
10.652,0,-15,-30,30,414,363,38025
10.677,0,-15,-30,30,413,362,38025
10.705,0,-15,-30,30,412,363,38416
10.735,0,-15,-30,30,416,362,38025
10.759,0,-15,-30,30,416,361,38416
10.786,0,-15,-30,30,416,364,38416
10.817,0,-15,-30,30,418,362,40401
10.849,0,-15,-30,30,419,360,39204
10.881,0,-15,-30,30,420,363,40401
10.913,0,-15,-30,30,422,365,42025
10.962,0,-15,-30,30,422,364,42849
10.994,0,-15,-30,30,421,363,39204
11.026,0,-15,-30,30,425,361,40401
11.059,0,-15,-30,30,423,361,39601
11.089,0,-15,-30,30,423,361,40000
11.122,0,-15,-30,30,421,360,41209
11.155,0,-15,-30,30,422,359,41616
11.188,0,-15,-30,30,423,358,40401
11.219,0,-15,-30,30,424,359,38809
11.249,0,-15,-30,30,426,363,38025
11.291,0,-15,-30,30,428,364,40000
11.333,0,-15,-30,30,426,360,40804
11.364,0,-15,-30,30,426,360,40804
11.396,0,-15,-30,30,427,361,43681
11.429,0,-15,-30,30,427,362,40804
11.462,0,-15,-30,30,426,365,44100
11.494,0,0,30,-30,0,0,0
11.526,0,-15,-30,30,426,365,40804
11.584,0,-15,-30,30,427,365,42849
11.614,0,-15,-30,30,431,368,43264
11.638,0,-15,-30,30,430,363,44100
11.662,0,-15,-30,30,428,367,44100
11.685,0,-15,-30,30,428,366,44100
11.729,0,-15,-30,29,424,361,36864
11.761,0,-15,-30,30,422,361,40000
11.793,0,-15,-30,30,421,358,42849
11.825,0,-15,-30,30,421,362,45796
11.857,0,-15,-30,30,419,363,45796
11.887,0,-15,-30,30,421,364,45796
11.918,0,-15,-30,30,421,364,45796
11.951,0,-15,-30,30,422,364,45796
14.763,0,-15,-30,-14,406,356,36100
14.784,0,-15,-30,27,404,356,36100
14.806,0,-15,-30,30,403,355,35721
14.827,0,-15,-30,30,403,354,38416
14.847,0,-15,-30,30,407,358,44100
14.868,0,-15,-30,24,404,356,44100
14.895,0,-15,-30,30,404,356,45796
14.927,0,-15,-30,30,405,356,44100
14.958,0,-15,-30,30,404,355,44100
14.992,0,-15,-30,30,404,355,44100
15.023,0,-15,-30,30,406,353,44100
15.056,0,-15,-30,30,407,355,43681
15.088,0,-15,-30,24,404,355,42436
15.12,0,-15,-30,30,403,353,42025
15.151,0,-15,-30,30,403,353,42025
15.183,0,-15,-30,29,402,352,43264
15.218,0,-15,-30,30,404,353,43681
15.262,0,-15,-30,30,406,355,44100
15.293,0,-15,-30,24,403,354,43681
15.326,0,-15,-30,30,407,354,43264
15.36,0,-15,-30,24,404,353,43681
15.39,0,-15,-30,30,406,356,44100
15.423,0,-15,-30,30,407,357,44100
15.454,0,-15,-30,30,407,357,44100
15.487,0,-15,-30,30,406,356,46225
15.52,0,-15,-30,30,405,356,46225
15.552,0,-15,-30,30,404,354,43681
15.583,0,-15,-30,30,406,358,42436
15.616,0,-15,-30,30,407,357,44100
15.665,0,-15,-30,27,405,357,44521
15.696,0,-15,-30,30,405,356,46225
15.727,0,-15,-30,30,406,355,44100
15.76,0,-15,-30,30,405,357,41616
15.792,0,-15,-30,30,405,357,41616
15.823,0,-15,-30,30,407,355,42849
15.856,0,-15,-30,30,408,356,41616
15.888,0,-15,-30,28,406,356,40401
15.918,0,-15,-30,30,410,354,42436
15.951,0,-15,-30,18,405,354,42025
15.982,0,-15,-30,30,406,355,40804
16.013,0,-15,-30,30,407,351,40401
16.062,0,-15,-30,30,407,353,39601
16.095,0,-15,-30,30,410,355,42436
16.126,0,-15,-30,30,410,353,45796
16.158,0,-15,-30,30,411,355,44100
16.606,0,-15,-30,30,410,351,37249
16.627,0,-15,-30,30,413,351,36100
16.655,0,-15,-30,30,411,350,34969
16.687,0,-15,-30,30,414,351,36864
16.718,0,-15,-30,27,411,350,34969
16.752,0,-15,-30,30,412,353,36481
16.784,0,-15,-30,30,412,352,37249
16.805,0,-15,-30,30,412,352,37249
16.863,0,-15,-30,30,412,352,37636
16.897,0,-15,-30,30,412,349,36481
16.926,0,-15,-30,30,414,350,36100
16.958,0,-15,-30,30,412,348,34225
16.989,0,-15,-30,30,413,350,36481
17.023,0,-15,-30,30,412,351,36864
17.056,0,-15,-30,30,414,350,34969
17.085,0,-15,-30,30,414,351,36864
17.117,0,-15,-30,30,413,350,35721
17.149,0,-15,-30,30,415,351,36481
17.183,0,-15,-30,30,415,351,35344
17.203,0,-15,-30,30,415,351,35344
17.261,0,-15,-30,30,413,350,37249
17.295,0,-15,-30,30,414,351,37249
17.325,0,-15,-30,30,414,351,36100
17.449,0,-15,-30,30,415,352,36864
17.584,0,-15,-30,27,412,352,38025
17.617,0,-15,-30,30,411,351,36100
17.662,0,-15,-30,30,415,353,36864
17.697,0,-15,-30,30,416,350,37249
17.73,0,-15,-30,30,418,354,39204
17.761,0,-15,-30,30,417,353,38025
17.791,0,-15,-30,30,420,352,37249
17.822,0,-15,-30,30,421,354,36864
17.854,0,-15,-30,30,423,355,44521
17.886,0,-15,-30,30,425,354,42849
17.918,0,-15,-30,30,428,357,47524
17.953,0,-15,-30,30,428,356,46225
17.984,0,-15,-30,30,429,357,44944
18.003,0,-15,-30,30,429,357,44944
18.062,0,-15,-30,30,428,358,44944
18.348,0,-15,-30,30,428,356,45796
18.467,0,-15,-30,30,426,357,47524
18.499,0,-15,-30,30,427,356,46225
18.523,0,-15,-30,30,428,357,47524
18.545,0,-15,-30,30,427,355,42436
18.567,0,-15,-30,30,425,356,42849
18.593,0,-15,-30,30,424,355,42025
18.624,0,-15,-30,30,424,355,42025
18.655,0,-15,-30,30,424,355,42025
18.687,0,-15,-30,30,425,355,38025
18.719,0,-15,-30,30,425,356,38025
18.754,0,-15,-30,30,429,358,38025
18.783,0,-15,-30,30,431,361,39601
18.805,0,-15,-30,30,431,361,39601
18.866,0,-15,-30,30,429,362,38025
18.896,0,-15,-30,30,430,360,38416
18.926,0,-15,-30,30,431,360,38809
18.961,0,-15,-30,30,430,361,38025
